
TRUNCATE TABLE "Edges", "Nodes", "ShiftSchedules", "Shifts" CASCADE;

INSERT INTO "ShiftSchedules" ("Id", "TimeZone", "StartsFromFirstDayOfMonth")
VALUES
  ('bb9a7e57-9ea2-4a39-9005-b532f6988777', 3, true);

INSERT INTO "Shifts" ("Id", "Start", "End", "Number", "ShiftScheduleId")
VALUES
    ('bb9a7e57-9ea2-4a39-9005-b532f6988cca', '19:00:00', '07:00:00', 1, 'bb9a7e57-9ea2-4a39-9005-b532f6988777'),
    ('bb9a7e57-9ea2-4a39-9005-b532f6988ccb', '07:00:00', '19:00:00', 2, 'bb9a7e57-9ea2-4a39-9005-b532f6988777'); 

INSERT INTO "Nodes" ("Id", "DisplayName", "NodeType", "Name", "Script", "WindowType", "IsEnabled", "Interval", "ShiftScheduleId")
    VALUES
	('1ee1c11a-1f11-1f01-1ad1-000000000001', 'Функция 1', 'function', 'Func1', 'return history_avg("tag1_alias");', 5, true, '20 seconds', 'bb9a7e57-9ea2-4a39-9005-b532f6988777'),
	('1ee1c11a-1f11-1f01-1ad1-000000000003', 'Функция 3', 'function', 'Func3', 'return history_avg("tag2_alias");', 5, true, '20 seconds', 'bb9a7e57-9ea2-4a39-9005-b532f6988777'),
	('1ee1c11a-1f11-1f01-1ad1-000000000005', 'Функция 5', 'function', 'Func5', 'return history_avg("tag3_alias");', 5, true, '20 seconds', 'bb9a7e57-9ea2-4a39-9005-b532f6988777'),
	('1ee1c11a-1f11-1f01-1ad1-000000000007', 'Функция 7', 'function', 'Func7', 'return history_avg("tag1_alias");', 5, true, '20 seconds', 'bb9a7e57-9ea2-4a39-9005-b532f6988777'),
	('1ee1c11a-1f11-1f01-1ad1-000000000009', 'Функция 9', 'function', 'Func9', 'return history_avg("tag2_alias");', 5, true, '20 seconds', 'bb9a7e57-9ea2-4a39-9005-b532f6988777'),
	('1ee1c11a-1f11-1f01-1ad1-000000000011', 'Функция 11', 'function', 'Func11', 'return history_avg("tag3_alias");', 5, true, '20 seconds', 'bb9a7e57-9ea2-4a39-9005-b532f6988777'),
	('1ee1c11a-1f11-1f01-1ad1-000000000013', 'Функция 13', 'function', 'Func13', 'return history_avg("tag1_alias");', 5, true, '20 seconds', 'bb9a7e57-9ea2-4a39-9005-b532f6988777'),
	('1ee1c11a-1f11-1f01-1ad1-000000000015', 'Функция 15', 'function', 'Func15', 'return history_avg("tag2_alias");', 5, true, '20 seconds', 'bb9a7e57-9ea2-4a39-9005-b532f6988777'),
	('1ee1c11a-1f11-1f01-1ad1-000000000017', 'Функция 17', 'function', 'Func17', 'return history_avg("tag3_alias");', 5, true, '20 seconds', 'bb9a7e57-9ea2-4a39-9005-b532f6988777'),
	('1ee1c11a-1f11-1f01-1ad1-000000000002', 'Функция 2', 'function', 'Func2', 'return history_avg("func1_alias");', 6, true, '60 seconds', 'bb9a7e57-9ea2-4a39-9005-b532f6988777'),
	('1ee1c11a-1f11-1f01-1ad1-000000000004', 'Функция 4', 'function', 'Func4', 'return history_avg("func7_alias");', 6, true, '60 seconds', 'bb9a7e57-9ea2-4a39-9005-b532f6988777'),
	('1ee1c11a-1f11-1f01-1ad1-000000000006', 'Функция 6', 'function', 'Func6', 'return history_avg("func13_alias");', 6, true, '60 seconds', 'bb9a7e57-9ea2-4a39-9005-b532f6988777'),
	('1ee1c11a-1f11-1f01-1ad1-000000000008', 'Функция 8', 'function', 'Func8', 'return history_avg("func3_alias");', 6, true, '60 seconds', 'bb9a7e57-9ea2-4a39-9005-b532f6988777'),
	('1ee1c11a-1f11-1f01-1ad1-000000000010', 'Функция 10', 'function', 'Func10', 'return history_avg("func9_alias");', 6, true, '60 seconds', 'bb9a7e57-9ea2-4a39-9005-b532f6988777'),
	('1ee1c11a-1f11-1f01-1ad1-000000000012', 'Функция 12', 'function', 'Func12', 'return history_avg("func15_alias");', 6, true, '60 seconds', 'bb9a7e57-9ea2-4a39-9005-b532f6988777'),
	('1ee1c11a-1f11-1f01-1ad1-000000000014', 'Функция 14', 'function', 'Func14', 'return history_avg("func5_alias");', 6, true, '60 seconds', 'bb9a7e57-9ea2-4a39-9005-b532f6988777'),
	('1ee1c11a-1f11-1f01-1ad1-000000000016', 'Функция 16', 'function', 'Func16', 'return history_avg("func11_alias");', 6, true, '60 seconds', 'bb9a7e57-9ea2-4a39-9005-b532f6988777'),
	('1ee1c11a-1f11-1f01-1ad1-000000000018', 'Функция 18', 'function', 'Func18', 'return history_avg("func17_alias");', 6, true, '60 seconds', 'bb9a7e57-9ea2-4a39-9005-b532f6988777'),
	('1ee1c11a-1f11-1f01-1ad1-000000000019', 'Функция 19', 'function', 'Func19', 'return history_avg("func10_alias");', 7, true, '58 seconds', 'bb9a7e57-9ea2-4a39-9005-b532f6988777'),
	('1ee1c11a-1f11-1f01-1ad1-000000000020', 'Функция 20', 'function', 'Func20', 'return history_avg("func11_alias");', 7, true, '40 seconds', 'bb9a7e57-9ea2-4a39-9005-b532f6988777'),
	('1ee1c11a-1f11-1f01-1ad1-000000000021', 'Функция 21', 'function', 'Func21', 'return history_avg("func12_alias");', 7, true, '51 seconds', 'bb9a7e57-9ea2-4a39-9005-b532f6988777'),
	('1ee1c11a-1f11-1f01-1ad1-000000000022', 'Функция 22', 'function', 'Func22', 'return history_avg("func13_alias");', 7, true, '58 seconds', 'bb9a7e57-9ea2-4a39-9005-b532f6988777'),
	('1ee1c11a-1f11-1f01-1ad1-000000000023', 'Функция 23', 'function', 'Func23', 'return history_avg("func14_alias");', 7, true, '34 seconds', 'bb9a7e57-9ea2-4a39-9005-b532f6988777'),
	('1ee1c11a-1f11-1f01-1ad1-000000000024', 'Функция 24', 'function', 'Func24', 'return history_avg("func15_alias");', 7, true, '47 seconds', 'bb9a7e57-9ea2-4a39-9005-b532f6988777'),
	('1ee1c11a-1f11-1f01-1ad1-000000000025', 'Функция 25', 'function', 'Func25', 'return history_avg("func16_alias");', 7, true, '58 seconds', 'bb9a7e57-9ea2-4a39-9005-b532f6988777'),
	('1ee1c11a-1f11-1f01-1ad1-000000000026', 'Функция 26', 'function', 'Func26', 'return history_avg("func17_alias");', 7, true, '42 seconds', 'bb9a7e57-9ea2-4a39-9005-b532f6988777'),
	('1ee1c11a-1f11-1f01-1ad1-000000000027', 'Функция 27', 'function', 'Func27', 'return history_avg("func18_alias");', 7, true, '34 seconds', 'bb9a7e57-9ea2-4a39-9005-b532f6988777'),
	('1ee1c11a-1f11-1f01-1ad1-000000000028', 'Функция 28', 'function', 'Func28', 'return history_avg("func19_alias");', 8, true, '21 seconds', 'bb9a7e57-9ea2-4a39-9005-b532f6988777'),
	('1ee1c11a-1f11-1f01-1ad1-000000000029', 'Функция 29', 'function', 'Func29', 'return history_avg("func20_alias");', 8, true, '38 seconds', 'bb9a7e57-9ea2-4a39-9005-b532f6988777'),
	('1ee1c11a-1f11-1f01-1ad1-000000000030', 'Функция 30', 'function', 'Func30', 'return history_avg("func21_alias");', 8, true, '54 seconds', 'bb9a7e57-9ea2-4a39-9005-b532f6988777'),
	('1ee1c11a-1f11-1f01-1ad1-000000000031', 'Функция 31', 'function', 'Func31', 'return history_avg("func22_alias");', 8, true, '56 seconds', 'bb9a7e57-9ea2-4a39-9005-b532f6988777'),
	('1ee1c11a-1f11-1f01-1ad1-000000000032', 'Функция 32', 'function', 'Func32', 'return history_avg("func23_alias");', 8, true, '24 seconds', 'bb9a7e57-9ea2-4a39-9005-b532f6988777'),
	('1ee1c11a-1f11-1f01-1ad1-000000000033', 'Функция 33', 'function', 'Func33', 'return history_avg("func24_alias");', 8, true, '39 seconds', 'bb9a7e57-9ea2-4a39-9005-b532f6988777'),
	('1ee1c11a-1f11-1f01-1ad1-000000000034', 'Функция 34', 'function', 'Func34', 'return history_avg("func25_alias");', 8, true, '41 seconds', 'bb9a7e57-9ea2-4a39-9005-b532f6988777'),
	('1ee1c11a-1f11-1f01-1ad1-000000000035', 'Функция 35', 'function', 'Func35', 'return history_avg("func26_alias");', 8, true, '34 seconds', 'bb9a7e57-9ea2-4a39-9005-b532f6988777'),
	('1ee1c11a-1f11-1f01-1ad1-000000000036', 'Функция 36', 'function', 'Func36', 'return history_avg("func27_alias");', 8, true, '26 seconds', 'bb9a7e57-9ea2-4a39-9005-b532f6988777'),
	('1ee1c11a-1f11-1f01-1ad1-000000000037', 'Функция 37', 'function', 'Func37', 'return history_avg("func28_alias");', 9, true, '33 seconds', 'bb9a7e57-9ea2-4a39-9005-b532f6988777'),
	('1ee1c11a-1f11-1f01-1ad1-000000000038', 'Функция 38', 'function', 'Func38', 'return history_avg("func29_alias");', 9, true, '36 seconds', 'bb9a7e57-9ea2-4a39-9005-b532f6988777'),
	('1ee1c11a-1f11-1f01-1ad1-000000000039', 'Функция 39', 'function', 'Func39', 'return history_avg("func30_alias");', 9, true, '29 seconds', 'bb9a7e57-9ea2-4a39-9005-b532f6988777'),
	('1ee1c11a-1f11-1f01-1ad1-000000000040', 'Функция 40', 'function', 'Func40', 'return history_avg("func31_alias");', 9, true, '58 seconds', 'bb9a7e57-9ea2-4a39-9005-b532f6988777'),
	('1ee1c11a-1f11-1f01-1ad1-000000000041', 'Функция 41', 'function', 'Func41', 'return history_avg("func32_alias");', 9, true, '33 seconds', 'bb9a7e57-9ea2-4a39-9005-b532f6988777'),
	('1ee1c11a-1f11-1f01-1ad1-000000000042', 'Функция 42', 'function', 'Func42', 'return history_avg("func33_alias");', 9, true, '29 seconds', 'bb9a7e57-9ea2-4a39-9005-b532f6988777'),
	('1ee1c11a-1f11-1f01-1ad1-000000000043', 'Функция 43', 'function', 'Func43', 'return history_avg("func34_alias");', 9, true, '57 seconds', 'bb9a7e57-9ea2-4a39-9005-b532f6988777'),
	('1ee1c11a-1f11-1f01-1ad1-000000000044', 'Функция 44', 'function', 'Func44', 'return history_avg("func35_alias");', 9, true, '26 seconds', 'bb9a7e57-9ea2-4a39-9005-b532f6988777'),
	('1ee1c11a-1f11-1f01-1ad1-000000000045', 'Функция 45', 'function', 'Func45', 'return history_avg("func36_alias");', 9, true, '58 seconds', 'bb9a7e57-9ea2-4a39-9005-b532f6988777'),
	('1ee1c11a-1f11-1f01-1ad1-000000000046', 'Функция 46', 'function', 'Func46', 'return history_avg("func37_alias");', 10, true, '21 seconds', 'bb9a7e57-9ea2-4a39-9005-b532f6988777'),
	('1ee1c11a-1f11-1f01-1ad1-000000000047', 'Функция 47', 'function', 'Func47', 'return history_avg("func38_alias");', 10, true, '53 seconds', 'bb9a7e57-9ea2-4a39-9005-b532f6988777'),
	('1ee1c11a-1f11-1f01-1ad1-000000000048', 'Функция 48', 'function', 'Func48', 'return history_avg("func39_alias");', 10, true, '54 seconds', 'bb9a7e57-9ea2-4a39-9005-b532f6988777'),
	('1ee1c11a-1f11-1f01-1ad1-000000000049', 'Функция 49', 'function', 'Func49', 'return history_avg("func40_alias");', 10, true, '31 seconds', 'bb9a7e57-9ea2-4a39-9005-b532f6988777'),
	('1ee1c11a-1f11-1f01-1ad1-000000000050', 'Функция 50', 'function', 'Func50', 'return history_avg("func41_alias");', 10, true, '26 seconds', 'bb9a7e57-9ea2-4a39-9005-b532f6988777'),
	('1ee1c11a-1f11-1f01-1ad1-000000000051', 'Функция 51', 'function', 'Func51', 'return history_avg("func42_alias");', 10, true, '29 seconds', 'bb9a7e57-9ea2-4a39-9005-b532f6988777'),
	('1ee1c11a-1f11-1f01-1ad1-000000000052', 'Функция 52', 'function', 'Func52', 'return history_avg("func43_alias");', 10, true, '21 seconds', 'bb9a7e57-9ea2-4a39-9005-b532f6988777'),
	('1ee1c11a-1f11-1f01-1ad1-000000000053', 'Функция 53', 'function', 'Func53', 'return history_avg("func44_alias");', 10, true, '21 seconds', 'bb9a7e57-9ea2-4a39-9005-b532f6988777'),
	('1ee1c11a-1f11-1f01-1ad1-000000000054', 'Функция 54', 'function', 'Func54', 'return history_avg("func45_alias");', 10, true, '56 seconds', 'bb9a7e57-9ea2-4a39-9005-b532f6988777'),
	('1ee1c11a-1f11-1f01-1ad1-000000000055', 'Функция 55', 'function', 'Func55', 'return history_avg("func46_alias");', 11, true, '26 seconds', 'bb9a7e57-9ea2-4a39-9005-b532f6988777'),
	('1ee1c11a-1f11-1f01-1ad1-000000000056', 'Функция 56', 'function', 'Func56', 'return history_avg("func47_alias");', 11, true, '20 seconds', 'bb9a7e57-9ea2-4a39-9005-b532f6988777'),
	('1ee1c11a-1f11-1f01-1ad1-000000000057', 'Функция 57', 'function', 'Func57', 'return history_avg("func48_alias");', 11, true, '43 seconds', 'bb9a7e57-9ea2-4a39-9005-b532f6988777'),
	('1ee1c11a-1f11-1f01-1ad1-000000000058', 'Функция 58', 'function', 'Func58', 'return history_avg("func49_alias");', 11, true, '29 seconds', 'bb9a7e57-9ea2-4a39-9005-b532f6988777'),
	('1ee1c11a-1f11-1f01-1ad1-000000000059', 'Функция 59', 'function', 'Func59', 'return history_avg("func50_alias");', 11, true, '32 seconds', 'bb9a7e57-9ea2-4a39-9005-b532f6988777'),
	('1ee1c11a-1f11-1f01-1ad1-000000000060', 'Функция 60', 'function', 'Func60', 'return history_avg("func51_alias");', 11, true, '32 seconds', 'bb9a7e57-9ea2-4a39-9005-b532f6988777'),
	('1ee1c11a-1f11-1f01-1ad1-000000000061', 'Функция 61', 'function', 'Func61', 'return history_avg("func52_alias");', 11, true, '52 seconds', 'bb9a7e57-9ea2-4a39-9005-b532f6988777'),
	('1ee1c11a-1f11-1f01-1ad1-000000000062', 'Функция 62', 'function', 'Func62', 'return history_avg("func53_alias");', 11, true, '38 seconds', 'bb9a7e57-9ea2-4a39-9005-b532f6988777'),
	('1ee1c11a-1f11-1f01-1ad1-000000000063', 'Функция 63', 'function', 'Func63', 'return history_avg("func54_alias");', 11, true, '35 seconds', 'bb9a7e57-9ea2-4a39-9005-b532f6988777'),
	('1ee1c11a-1f11-1f01-1ad1-000000000064', 'Функция 64', 'function', 'Func64', 'return history_avg("func55_alias");', 12, true, '31 seconds', 'bb9a7e57-9ea2-4a39-9005-b532f6988777'),
	('1ee1c11a-1f11-1f01-1ad1-000000000065', 'Функция 65', 'function', 'Func65', 'return history_avg("func56_alias");', 12, true, '23 seconds', 'bb9a7e57-9ea2-4a39-9005-b532f6988777'),
	('1ee1c11a-1f11-1f01-1ad1-000000000066', 'Функция 66', 'function', 'Func66', 'return history_avg("func57_alias");', 12, true, '58 seconds', 'bb9a7e57-9ea2-4a39-9005-b532f6988777'),
	('1ee1c11a-1f11-1f01-1ad1-000000000067', 'Функция 67', 'function', 'Func67', 'return history_avg("func58_alias");', 12, true, '26 seconds', 'bb9a7e57-9ea2-4a39-9005-b532f6988777'),
	('1ee1c11a-1f11-1f01-1ad1-000000000068', 'Функция 68', 'function', 'Func68', 'return history_avg("func59_alias");', 12, true, '57 seconds', 'bb9a7e57-9ea2-4a39-9005-b532f6988777'),
	('1ee1c11a-1f11-1f01-1ad1-000000000069', 'Функция 69', 'function', 'Func69', 'return history_avg("func60_alias");', 12, true, '56 seconds', 'bb9a7e57-9ea2-4a39-9005-b532f6988777'),
	('1ee1c11a-1f11-1f01-1ad1-000000000070', 'Функция 70', 'function', 'Func70', 'return history_avg("func61_alias");', 12, true, '57 seconds', 'bb9a7e57-9ea2-4a39-9005-b532f6988777'),
	('1ee1c11a-1f11-1f01-1ad1-000000000071', 'Функция 71', 'function', 'Func71', 'return history_avg("func62_alias");', 12, true, '39 seconds', 'bb9a7e57-9ea2-4a39-9005-b532f6988777'),
	('1ee1c11a-1f11-1f01-1ad1-000000000072', 'Функция 72', 'function', 'Func72', 'return history_avg("func63_alias");', 12, true, '52 seconds', 'bb9a7e57-9ea2-4a39-9005-b532f6988777');

INSERT INTO "Nodes" ("Id", "DisplayName", "NodeType", "SourceId", "TagId")
    VALUES
	('3ee3c33a-3f33-3f33-3ad3-000000000001', 'Tэг 1', 'tag', 'spc1_3_iba_sh0', 'Modules.8 S7-Xplorer.Analog.User_DB_DB3000 Motor_Parameter\Dr15_spare2'),
	('3ee3c33a-3f33-3f33-3ad3-000000000002', 'Tэг 2', 'tag', 'sac_cop_pda34', 'Modules.28 Del3_ Drives Masterdrive.Digital.DEL3: 100100 Накапливающая решетка, секция 1 (+300RM6_9-GF1): HSS Бит 14 + заданное значение скорости (1-Да)'),
	('3ee3c33a-3f33-3f33-3ad3-000000000003', 'Tэг 3', 'tag', 'sac_cop_pda34', 'Modules.13 Del3_ Inputs.Digital.DEL3: I 1481_2 - аварийный останов участок обточки ветвь БТС-2(+303DV1-30SA17)');

INSERT INTO "Edges" ("SourceNodeId", "DestinationNodeId", "SourceNodeAlias")
    VALUES
	('1ee1c11a-1f11-1f01-1ad1-000000000001', '1ee1c11a-1f11-1f01-1ad1-000000000001', 'tag1_alias'),
	('1ee1c11a-1f11-1f01-1ad1-000000000003', '1ee1c11a-1f11-1f01-1ad1-000000000003', 'tag2_alias'),
	('1ee1c11a-1f11-1f01-1ad1-000000000005', '1ee1c11a-1f11-1f01-1ad1-000000000005', 'tag3_alias'),
	('1ee1c11a-1f11-1f01-1ad1-000000000007', '1ee1c11a-1f11-1f01-1ad1-000000000007', 'tag1_alias'),
	('1ee1c11a-1f11-1f01-1ad1-000000000009', '1ee1c11a-1f11-1f01-1ad1-000000000009', 'tag2_alias'),
	('1ee1c11a-1f11-1f01-1ad1-000000000011', '1ee1c11a-1f11-1f01-1ad1-000000000011', 'tag3_alias'),
	('1ee1c11a-1f11-1f01-1ad1-000000000013', '1ee1c11a-1f11-1f01-1ad1-000000000013', 'tag1_alias'),
	('1ee1c11a-1f11-1f01-1ad1-000000000015', '1ee1c11a-1f11-1f01-1ad1-000000000015', 'tag2_alias'),
	('1ee1c11a-1f11-1f01-1ad1-000000000017', '1ee1c11a-1f11-1f01-1ad1-000000000017', 'tag3_alias'),
	('1ee1c11a-1f11-1f01-1ad1-000000000001', '1ee1c11a-1f11-1f01-1ad1-000000000002', 'func1_alias'),
	('1ee1c11a-1f11-1f01-1ad1-000000000007', '1ee1c11a-1f11-1f01-1ad1-000000000004', 'func7_alias'),
	('1ee1c11a-1f11-1f01-1ad1-000000000013', '1ee1c11a-1f11-1f01-1ad1-000000000006', 'func13_alias'),
	('1ee1c11a-1f11-1f01-1ad1-000000000003', '1ee1c11a-1f11-1f01-1ad1-000000000008', 'func3_alias'),
	('1ee1c11a-1f11-1f01-1ad1-000000000009', '1ee1c11a-1f11-1f01-1ad1-000000000010', 'func9_alias'),
	('1ee1c11a-1f11-1f01-1ad1-000000000015', '1ee1c11a-1f11-1f01-1ad1-000000000012', 'func15_alias'),
	('1ee1c11a-1f11-1f01-1ad1-000000000005', '1ee1c11a-1f11-1f01-1ad1-000000000014', 'func5_alias'),
	('1ee1c11a-1f11-1f01-1ad1-000000000011', '1ee1c11a-1f11-1f01-1ad1-000000000016', 'func11_alias'),
	('1ee1c11a-1f11-1f01-1ad1-000000000017', '1ee1c11a-1f11-1f01-1ad1-000000000018', 'func17_alias'),
	('1ee1c11a-1f11-1f01-1ad1-000000000010', '1ee1c11a-1f11-1f01-1ad1-000000000019', 'func10_alias'),
	('1ee1c11a-1f11-1f01-1ad1-000000000011', '1ee1c11a-1f11-1f01-1ad1-000000000020', 'func11_alias'),
	('1ee1c11a-1f11-1f01-1ad1-000000000012', '1ee1c11a-1f11-1f01-1ad1-000000000021', 'func12_alias'),
	('1ee1c11a-1f11-1f01-1ad1-000000000013', '1ee1c11a-1f11-1f01-1ad1-000000000022', 'func13_alias'),
	('1ee1c11a-1f11-1f01-1ad1-000000000014', '1ee1c11a-1f11-1f01-1ad1-000000000023', 'func14_alias'),
	('1ee1c11a-1f11-1f01-1ad1-000000000015', '1ee1c11a-1f11-1f01-1ad1-000000000024', 'func15_alias'),
	('1ee1c11a-1f11-1f01-1ad1-000000000016', '1ee1c11a-1f11-1f01-1ad1-000000000025', 'func16_alias'),
	('1ee1c11a-1f11-1f01-1ad1-000000000017', '1ee1c11a-1f11-1f01-1ad1-000000000026', 'func17_alias'),
	('1ee1c11a-1f11-1f01-1ad1-000000000018', '1ee1c11a-1f11-1f01-1ad1-000000000027', 'func18_alias'),
	('1ee1c11a-1f11-1f01-1ad1-000000000019', '1ee1c11a-1f11-1f01-1ad1-000000000028', 'func19_alias'),
	('1ee1c11a-1f11-1f01-1ad1-000000000020', '1ee1c11a-1f11-1f01-1ad1-000000000029', 'func20_alias'),
	('1ee1c11a-1f11-1f01-1ad1-000000000021', '1ee1c11a-1f11-1f01-1ad1-000000000030', 'func21_alias'),
	('1ee1c11a-1f11-1f01-1ad1-000000000022', '1ee1c11a-1f11-1f01-1ad1-000000000031', 'func22_alias'),
	('1ee1c11a-1f11-1f01-1ad1-000000000023', '1ee1c11a-1f11-1f01-1ad1-000000000032', 'func23_alias'),
	('1ee1c11a-1f11-1f01-1ad1-000000000024', '1ee1c11a-1f11-1f01-1ad1-000000000033', 'func24_alias'),
	('1ee1c11a-1f11-1f01-1ad1-000000000025', '1ee1c11a-1f11-1f01-1ad1-000000000034', 'func25_alias'),
	('1ee1c11a-1f11-1f01-1ad1-000000000026', '1ee1c11a-1f11-1f01-1ad1-000000000035', 'func26_alias'),
	('1ee1c11a-1f11-1f01-1ad1-000000000027', '1ee1c11a-1f11-1f01-1ad1-000000000036', 'func27_alias'),
	('1ee1c11a-1f11-1f01-1ad1-000000000028', '1ee1c11a-1f11-1f01-1ad1-000000000037', 'func28_alias'),
	('1ee1c11a-1f11-1f01-1ad1-000000000029', '1ee1c11a-1f11-1f01-1ad1-000000000038', 'func29_alias'),
	('1ee1c11a-1f11-1f01-1ad1-000000000030', '1ee1c11a-1f11-1f01-1ad1-000000000039', 'func30_alias'),
	('1ee1c11a-1f11-1f01-1ad1-000000000031', '1ee1c11a-1f11-1f01-1ad1-000000000040', 'func31_alias'),
	('1ee1c11a-1f11-1f01-1ad1-000000000032', '1ee1c11a-1f11-1f01-1ad1-000000000041', 'func32_alias'),
	('1ee1c11a-1f11-1f01-1ad1-000000000033', '1ee1c11a-1f11-1f01-1ad1-000000000042', 'func33_alias'),
	('1ee1c11a-1f11-1f01-1ad1-000000000034', '1ee1c11a-1f11-1f01-1ad1-000000000043', 'func34_alias'),
	('1ee1c11a-1f11-1f01-1ad1-000000000035', '1ee1c11a-1f11-1f01-1ad1-000000000044', 'func35_alias'),
	('1ee1c11a-1f11-1f01-1ad1-000000000036', '1ee1c11a-1f11-1f01-1ad1-000000000045', 'func36_alias'),
	('1ee1c11a-1f11-1f01-1ad1-000000000037', '1ee1c11a-1f11-1f01-1ad1-000000000046', 'func37_alias'),
	('1ee1c11a-1f11-1f01-1ad1-000000000038', '1ee1c11a-1f11-1f01-1ad1-000000000047', 'func38_alias'),
	('1ee1c11a-1f11-1f01-1ad1-000000000039', '1ee1c11a-1f11-1f01-1ad1-000000000048', 'func39_alias'),
	('1ee1c11a-1f11-1f01-1ad1-000000000040', '1ee1c11a-1f11-1f01-1ad1-000000000049', 'func40_alias'),
	('1ee1c11a-1f11-1f01-1ad1-000000000041', '1ee1c11a-1f11-1f01-1ad1-000000000050', 'func41_alias'),
	('1ee1c11a-1f11-1f01-1ad1-000000000042', '1ee1c11a-1f11-1f01-1ad1-000000000051', 'func42_alias'),
	('1ee1c11a-1f11-1f01-1ad1-000000000043', '1ee1c11a-1f11-1f01-1ad1-000000000052', 'func43_alias'),
	('1ee1c11a-1f11-1f01-1ad1-000000000044', '1ee1c11a-1f11-1f01-1ad1-000000000053', 'func44_alias'),
	('1ee1c11a-1f11-1f01-1ad1-000000000045', '1ee1c11a-1f11-1f01-1ad1-000000000054', 'func45_alias'),
	('1ee1c11a-1f11-1f01-1ad1-000000000046', '1ee1c11a-1f11-1f01-1ad1-000000000055', 'func46_alias'),
	('1ee1c11a-1f11-1f01-1ad1-000000000047', '1ee1c11a-1f11-1f01-1ad1-000000000056', 'func47_alias'),
	('1ee1c11a-1f11-1f01-1ad1-000000000048', '1ee1c11a-1f11-1f01-1ad1-000000000057', 'func48_alias'),
	('1ee1c11a-1f11-1f01-1ad1-000000000049', '1ee1c11a-1f11-1f01-1ad1-000000000058', 'func49_alias'),
	('1ee1c11a-1f11-1f01-1ad1-000000000050', '1ee1c11a-1f11-1f01-1ad1-000000000059', 'func50_alias'),
	('1ee1c11a-1f11-1f01-1ad1-000000000051', '1ee1c11a-1f11-1f01-1ad1-000000000060', 'func51_alias'),
	('1ee1c11a-1f11-1f01-1ad1-000000000052', '1ee1c11a-1f11-1f01-1ad1-000000000061', 'func52_alias'),
	('1ee1c11a-1f11-1f01-1ad1-000000000053', '1ee1c11a-1f11-1f01-1ad1-000000000062', 'func53_alias'),
	('1ee1c11a-1f11-1f01-1ad1-000000000054', '1ee1c11a-1f11-1f01-1ad1-000000000063', 'func54_alias'),
	('1ee1c11a-1f11-1f01-1ad1-000000000055', '1ee1c11a-1f11-1f01-1ad1-000000000064', 'func55_alias'),
	('1ee1c11a-1f11-1f01-1ad1-000000000056', '1ee1c11a-1f11-1f01-1ad1-000000000065', 'func56_alias'),
	('1ee1c11a-1f11-1f01-1ad1-000000000057', '1ee1c11a-1f11-1f01-1ad1-000000000066', 'func57_alias'),
	('1ee1c11a-1f11-1f01-1ad1-000000000058', '1ee1c11a-1f11-1f01-1ad1-000000000067', 'func58_alias'),
	('1ee1c11a-1f11-1f01-1ad1-000000000059', '1ee1c11a-1f11-1f01-1ad1-000000000068', 'func59_alias'),
	('1ee1c11a-1f11-1f01-1ad1-000000000060', '1ee1c11a-1f11-1f01-1ad1-000000000069', 'func60_alias'),
	('1ee1c11a-1f11-1f01-1ad1-000000000061', '1ee1c11a-1f11-1f01-1ad1-000000000070', 'func61_alias'),
	('1ee1c11a-1f11-1f01-1ad1-000000000062', '1ee1c11a-1f11-1f01-1ad1-000000000071', 'func62_alias'),
	('1ee1c11a-1f11-1f01-1ad1-000000000063', '1ee1c11a-1f11-1f01-1ad1-000000000072', 'func63_alias');

